<?xml version="1.0" encoding="utf-8"?> 
<!-- 
  Synopsys, Inc.
  Version I-2014.03L-SP1 
  Project file D:\DESKTOP\RD_WORK\rd1184\check1\source\verilog\ecp5\clarity\pll_pix2byte_RGB888_2lane\pll\syn_results\syntmp\run_option.xml
  Written on Fri Dec 26 17:46:35 2014


--> 
<project_attribute_list name="Project Settings"> 
     <option name="project_name" display_name="Project Name">pll</option>
     <option name="impl_name" display_name="Implementation Name">syn_results</option>
     <option name="top_module" display_name="Top Module">pll</option>
     <option name="pipe" display_name="Pipelining">0</option>
     <option name="retiming" display_name="Retiming">0</option>
     <option name="resource_sharing" display_name="Resource Sharing">1</option>
     <option name="maxfan" display_name="Fanout Guide">50</option>
     <option name="disable_io_insertion" display_name="Disable I/O Insertion">1</option>
     <option name="fix_gated_and_generated_clocks" display_name="Clock Conversion">1</option>
     <option name="symbolic_fsm_compiler" display_name="FSM Compiler">1</option>
</project_attribute_list>

